dataset,min_depth,rank,id,sequence,strict_call,posterior_gt_0_9,bayes_factor_gt_10,posterior_sex_linked,bayes_factor,group1,group1_present,group1_total,group1_penetrance,group2,group2_present,group2_total,group2_penetrance,bias_direction,candidate_class,female_penetrance,male_penetrance
danio_albolineatus,10,1,16985591,TGCAGGTCAGGACCGCGGCGGGCCTCCACCAGAGTTTCCCCTGGCTTCGCCCTGCCCAGGCATAGTTCACCATCTTTCGGGTACCATCGCGCGC,False,True,True,0.9997,254.311,male,1,37,0.027027,female,6,12,0.5,female-biased,posterior_only,0.5,0.027027
danio_albolineatus,10,2,2367535,TGCAGGCCCGCAACACACGGCCCCCCAGCCCGTGCTGGAGGCATCTGTTGAGACAACAACATGCCTGGACGCCTGTCCCAGAGGCACATCGGCC,False,True,True,0.9974,48.2994,male,1,37,0.027027,female,5,12,0.416667,female-biased,posterior_only,0.416667,0.027027
danio_albolineatus,10,3,6579994,TGCAGGCCCTGGTGGTCCTCAAGGAGCGGTCAAGGTCAGCTCTGTGGAGGTCTGGAGCTTTGGAGAGGGGGTCTCTGAGAGCCAAGATGTACCC,False,True,True,0.9974,43.3231,male,0,37,0,female,4,12,0.333333,female-biased,posterior_only,0.333333,0
danio_albolineatus,10,4,8057391,TGCAGGTAAAAACCTTTTGGACAGGGTTTGGGCTGAAATCAGTCAGCAACATCTGGCAACACAGTGAAGAGCACCGTGCTTAGCTGGATATTGG,False,True,True,0.9768,28.9632,male,3,37,0.0810811,female,6,12,0.5,female-biased,posterior_only,0.5,0.0810811
danio_albolineatus,10,5,24075023,TGCAGGAAAAGGCCAAGGGGGCCCTTAGGGGCCAGACTGCAAGCCCAGGGAGTAAGGCTGGCTCCTGGGCAGCTCCCCAGGGTCAGTGGCCCTG,False,True,True,0.9768,28.9632,male,3,37,0.0810811,female,6,12,0.5,female-biased,posterior_only,0.5,0.0810811
danio_albolineatus,10,6,14891505,TGCAGGTAAAGGCCAAGGGGGCCCTTAGGGGCCAGACTGCAAGCCCAGGGAGTAAGGCTGGCCCCTGGGCAGCTCCCTGGGGTCAGAGGCCCTT,False,True,True,0.9768,16.4831,male,2,37,0.0540541,female,5,12,0.416667,female-biased,posterior_only,0.416667,0.0540541
danio_albolineatus,10,7,18132863,TGCAGGTTAAGGCCAAGGGGGCCCTTAGGGGGCAAACTGCAAGCCCAGGGAGTAAGGCTTGCCCCTGGGCAGCTCCCTGGGGTCAGAGGCCCTG,False,True,True,0.9768,16.4831,male,2,37,0.0540541,female,5,12,0.416667,female-biased,posterior_only,0.416667,0.0540541
danio_albolineatus,10,8,19519884,TGCAGGCCCAGGGAGGCTAGCTGGCCCCTGGGCAGCTCCCTGGGGCAGAGACCCTGGAGGTAAAGGCCTAGGGGGCCCTTAGGGGCCCAACTGC,False,True,True,0.9768,16.4831,male,2,37,0.0540541,female,5,12,0.416667,female-biased,posterior_only,0.416667,0.0540541
danio_albolineatus,10,9,28968328,TGCAGGCCCAGGGAGGCTAGGTGGCCCCTAGGCAGCTCTCTGGGGTCAGAGGCCCTGGATGTGAAGGCCTAGGGGGCCCTTAGGGGCCCAACTG,False,True,True,0.9768,16.4831,male,2,37,0.0540541,female,5,12,0.416667,female-biased,posterior_only,0.416667,0.0540541
danio_albolineatus,10,10,24422293,TGCAGGACAGCAGTGATGTGTGAACTGAATTTGGTGAGAATACAGTAATTTACTGTAAAGTTATTGAATATTTTTAATAATAAAAATTCATAAA,False,True,True,0.9768,10.5381,male,36,37,0.972973,female,8,12,0.666667,male-biased,posterior_only,0.666667,0.972973
danio_albolineatus,10,11,772801,TGCAGGCCCAGGGAGGCTGGGTGGCCCCTAGGCAGGTCTCTGGGGCAGAGACCCAAGAGGTGAAGCCCTAGGGGGCCCTTAGGGGTCCAACTGC,False,True,True,0.9768,10.5381,male,1,37,0.027027,female,4,12,0.333333,female-biased,posterior_only,0.333333,0.027027
danio_albolineatus,10,12,15895220,TGCAGGCCCAGGGTGGCTGGCTGGCCCCTGGGCAGCTCCTTGGGGTCAGAGAACCTGGAGGTGGAGGCCAGGGGCCCCTTAGGGGCCCAACTGC,False,True,True,0.9768,10.5381,male,1,37,0.027027,female,4,12,0.333333,female-biased,posterior_only,0.333333,0.027027
danio_albolineatus,10,13,16296251,TGCAGGTCCCTGGGGTCAGAGACCCTGGAGGTGGAGGCCAAGGGGGCCCTTAGGGGCCCAACTGCAAGCCCAGGGAGTAAGGCTGGCCCCTGGG,False,True,True,0.9768,10.5381,male,1,37,0.027027,female,4,12,0.333333,female-biased,posterior_only,0.333333,0.027027
danio_albolineatus,10,14,16340318,TGCAGGTAGTTGGGCCCTTAAGGGCCCCCTAGGCCTCCACCTCCAGGGTCTCTGACCCCAGGGAGCTGCCCAGGGGCCAGCCAGCCTCCCTGGG,False,True,True,0.9768,10.5381,male,1,37,0.027027,female,4,12,0.333333,female-biased,posterior_only,0.333333,0.027027
danio_albolineatus,10,15,19930870,TGCAGGAGAGCTTCCCCAGATTACTGCTTACACAGATGCCTCTGTAATTATTAGGGTCTGATTTGTCTCCACTTTTGAATATGGGCGTTATTAA,False,True,True,0.9768,10.5381,male,1,37,0.027027,female,4,12,0.333333,female-biased,posterior_only,0.333333,0.027027
danio_albolineatus,10,16,22292693,TGCAGGTTAAGGCCTAGGGGGCCCTTAGGGGCCCAACTGCATGCCCAGGGAGTAAGGCTGGCCCCTGGGCAGCTCCCTGTGGTCAGAGGCCCTG,False,True,True,0.9768,10.5381,male,1,37,0.027027,female,4,12,0.333333,female-biased,posterior_only,0.333333,0.027027
danio_albolineatus,10,17,156359,TGCAGGCCCACCGAGGCTGGGTGGCCCCTAGGCAGGTCTGTGGGGCAGAGACCCAAGAGGTGAAGGCCTAGGGGGCCCTTAGAGGCCCAACTGC,False,True,False,0.9768,8.4763,male,0,37,0,female,3,12,0.25,female-biased,posterior_only,0.25,0
danio_albolineatus,10,18,2123794,TGCAGGTCTGAGGAAAACGGGGTCCGGGCATGTACCTCCAGGCATGCCTCACATTTTACACTTGGTTCCAGGCAGCCTAACCTTTGCACAGCTT,False,True,False,0.9768,8.4763,male,0,37,0,female,3,12,0.25,female-biased,posterior_only,0.25,0
danio_albolineatus,10,19,4317926,TGCAGGCCCAGGGAGTCTGGCTGGTCCCTGGGCAGCTCCCTGGGGTCAGAGACCCTGGAGGTGGAGGCCTAGGGGGCCCTTAGGGGTCCAACTG,False,True,False,0.9768,8.4763,male,0,37,0,female,3,12,0.25,female-biased,posterior_only,0.25,0
danio_albolineatus,10,20,4353001,TGCAGGCCCAGGTAGGCTGGGTGGCCCCTAGGCAGGTCTGTGGGGCAGAGACCCAAGAGGTGAAGGCCTAGGGGGCCCTTAGGGGCCCAACTGC,False,True,False,0.9768,8.4763,male,0,37,0,female,3,12,0.25,female-biased,posterior_only,0.25,0
danio_albolineatus,10,21,5480290,TGCAGGTCTTCCATGCGCACATGAGCCACCAACATTTAGCGGGAACCAGTCGCTGTAGCTGGGGCAGCTTCCGCTGTTGAGGGACCCCGAAAAA,False,True,False,0.9768,8.4763,male,0,37,0,female,3,12,0.25,female-biased,posterior_only,0.25,0
danio_albolineatus,10,22,5718420,TGCAGGTGAAGGCCAAGGGGGCCCTTAGGGGCCAAACTGCAAGCCCAGGGAGGCTGATTAACCCCTGGGCAGCTCCCTGGGGTAAGAGACCCTG,False,True,False,0.9768,8.4763,male,0,37,0,female,3,12,0.25,female-biased,posterior_only,0.25,0
danio_albolineatus,10,23,6950997,TGCAGGCCAAGGGAGGCTGTGTGGCCCCTAGGCAGCTCTCTGGGGCAGAGACCCTGGAGTTAAGGCCTAGGGACCCTTAGGGGCCCAACTGCAA,False,True,False,0.9768,8.4763,male,0,37,0,female,3,12,0.25,female-biased,posterior_only,0.25,0
danio_albolineatus,10,24,8232162,TGCAGGCTACCGCCCGGGGGGACGTCCGATCCCCCCTCGCTCAACGCCCACATGCAAGGCGCTGCGGTGGGCCCTGCCCCCCTCGCCGCCTAGT,False,True,False,0.9768,8.4763,male,0,37,0,female,3,12,0.25,female-biased,posterior_only,0.25,0
danio_albolineatus,10,25,8417424,TGCAGGCTCTCTGACACCAGGGAGCTGCCCAGGGGCCAGCCAGCCTCCCTGGGCTTGCAGTTGGGCCCCTAAGGGCCCCCTTGGCCTTCACCTG,False,True,False,0.9768,8.4763,male,0,37,0,female,3,12,0.25,female-biased,posterior_only,0.25,0
danio_albolineatus,10,26,15264761,TGCAGGCACCCTGATGTCCAAACAACATAAAAAAAATTGTCAAAAATGCAAATCGATTTGATGTCAATTGACTACCTTGATGTCAAAATAACAT,False,True,False,0.9768,8.4763,male,0,37,0,female,3,12,0.25,female-biased,posterior_only,0.25,0
danio_albolineatus,10,27,19839778,TGCAGGTCCCTAGGGTCAGAAACCCTGGAGGTGTAGGCCAAGGGGGCCCAAAGGGCCCCAACTGTTAGCCCAGGGAGGCTGGCTGGCCCCTGGG,False,True,False,0.9768,8.4763,male,0,37,0,female,3,12,0.25,female-biased,posterior_only,0.25,0
danio_albolineatus,10,28,26407440,TGCAGGCCCAGGGAGGCTGGGTGGTCCTTGGGCAGCTCCCTGGGGTCAGAGACCCTAGAGGTAAAGGCCTAGGGGGCCCTTAGGGGTCCAACTG,False,True,False,0.9768,8.4763,male,0,37,0,female,3,12,0.25,female-biased,posterior_only,0.25,0
danio_albolineatus,10,29,28589087,TGCAGGAGCTCCCCTTGCGGCTCCACCACGAGGGGGTCCGCCACGGCCACCTCCACGTGGGGGCATACCACGACCCCTGCAGGGATGAAGATCA,False,True,False,0.9768,8.4763,male,0,37,0,female,3,12,0.25,female-biased,posterior_only,0.25,0
danio_albolineatus,10,30,28818596,TGCAGGTCCCTGGGGTCAGAGGCCCAGGAGGTTAAGGCCTAGGGAGCCCTTAGGGGCCCAACTGCAAGCCCAGGGAATAAGGCTGGCCCCTGGG,False,True,False,0.9768,8.4763,male,0,37,0,female,3,12,0.25,female-biased,posterior_only,0.25,0
notothenia_rossii,10,1,9346769,TGCAGGTTTCTGGGAGTTTGTTCCAGATATTTGGAGCATAATAACTGAACGCTGCTTTACCATGTTTAGTTCTCATTCTAGGGACAGAAAGCTG,False,False,True,0.8607,808.925,male,7,17,0.411765,female,24,25,0.96,female-biased,bayes_factor_only,0.96,0.411765
notothenia_rossii,10,2,7130367,TGCAGGGACCCAACGGCATGGCCACCGGCTTCTCCCAGAGCCCCTATGACCTCCCCCGCAGCAGCCACATCCCCAGCCACTATGACATACTTCC,False,False,True,0.8607,637.001,male,5,17,0.294118,female,22,25,0.88,female-biased,bayes_factor_only,0.88,0.294118
notothenia_rossii,10,3,3578978,TGCAGGATGTGCATCATTAACTCCAAGAAATAATGTAACTGTATTATCTTTGAGGAAAACCCCCTTTGGCTTAATCAATAATAGTTTTAGCAAT,False,False,True,0.8607,631.51,male,6,17,0.352941,female,23,25,0.92,female-biased,bayes_factor_only,0.92,0.352941
notothenia_rossii,10,4,995598,TGCAGGTTTCTGGTATACTTTGTTCCAGACATTTGGAGCATAACAACAGAACGCTGCTTCCCCATGTTTAGTTCTGACTCTGGGGACAGAAAGC,False,False,True,0.407,391.997,male,14,17,0.823529,female,6,25,0.24,male-biased,bayes_factor_only,0.24,0.823529
notothenia_rossii,10,5,10327181,TGCAGGACACCTCTGTCTGTTGCAGACTTTATGAGTCTTCTTCAACACAGAGCACACAGGGCTATATAACATGTCAATTAAAAACGATGTCAGT,False,False,True,0.407,391.997,male,3,17,0.176471,female,19,25,0.76,female-biased,bayes_factor_only,0.76,0.176471
notothenia_rossii,10,6,4952932,TGCAGGCAGGCTCCATGGACCTGTCAGCTCCGGACTGCGCAAAATGCGTACATGAAGTGCTACGTCATTAACGCAATAAATCTACCCTCGTGGG,False,False,True,0.407,257.002,male,4,17,0.235294,female,20,25,0.8,female-biased,bayes_factor_only,0.8,0.235294
notothenia_rossii,10,7,2689197,TGCAGGCCTTATTTTGATCATAGTAGGGACTACATGTTGAGAGACTCTACCATAATATTAAGTGTTGTAACAATGCATATTTCAATAAGTGTAT,False,False,True,0.407,222.454,male,9,17,0.529412,female,1,25,0.04,male-biased,bayes_factor_only,0.04,0.529412
notothenia_rossii,10,8,9222021,TGCAGGGCTGAAGTGTGCCACAGTGATTTATGATCTGCAAAGACTTAAATGAGATCTACTGTAAAAAATATTCTCCATAGGGGGGGTGTGGTGT,False,False,True,0.407,195.444,male,5,17,0.294118,female,21,25,0.84,female-biased,bayes_factor_only,0.84,0.294118
notothenia_rossii,10,9,3062608,TGCAGGCTCTCAGTTGCCAAAACATTTTTAACACTGAAGAAAGAGTCTGACGTACACACGCGCCCACTCACTCGGACACACACTCAGCTGAGGC,False,False,True,0.407,174.144,male,7,17,0.411765,female,23,25,0.92,female-biased,bayes_factor_only,0.92,0.411765
notothenia_rossii,10,10,6419758,TGCAGGTCAAAAGTGTCAAAAGTGTTCTGCTCTTTTCTCATCAAGCATCACATTATTAGTAGTGGTGCACGATAATTATCGGTCCGATATTAGG,False,False,True,0.407,170.625,male,11,17,0.647059,female,3,25,0.12,male-biased,bayes_factor_only,0.12,0.647059
notothenia_rossii,10,11,1424835,TGCAGGCAAATACTTTGTCAAAGAGGAAATGACATCACAGCAACCTGACCTGCCACCAAAACAGTGAAAACAGATGAGCAGCAAACGCCTCTCA,False,False,True,0.0709,279.072,male,2,17,0.117647,female,17,25,0.68,female-biased,bayes_factor_only,0.68,0.117647
notothenia_rossii,10,12,418621,TGCAGGATTTCCCCGTTAATATCAGTGTCTCGAAAACACATGTTGGCAACTGAAAGACATCCAGTGTTAGGTCTTTTCCGGAAGCATCCTACAG,False,False,True,0.0709,127.457,male,7,17,0.411765,female,0,25,0,male-biased,bayes_factor_only,0,0.411765
notothenia_rossii,10,13,2510464,TGCAGGACTTTCCATTGTAAACACTACGTGTAGAACTGATTACACTCATCGTCTTTTCACCCAGATTTGGCTGCCGGCAGTGAAAGCAAAGGGT,False,False,True,0.0709,127.457,male,10,17,0.588235,female,25,25,1,female-biased,bayes_factor_only,1,0.588235
notothenia_rossii,10,14,8091897,TGCAGGAACCCTGTAAAATGTATTGAAGGAAGTTAAAGAGGTCAGTGTTGTGTTAATGACCAACGAATATATGTTTCCACTGCACTGGAATTTG,False,False,True,0.0709,127.457,male,7,17,0.411765,female,0,25,0,male-biased,bayes_factor_only,0,0.411765
notothenia_rossii,10,15,9736105,TGCAGGATCAATGGAGAGACAATCAGAGCCAAGATACAGAAGAACTGTGAGTACTGAACCCATACCCTCCATTCATCAAGATATTGTACATCTC,False,False,True,0.0709,127.457,male,10,17,0.588235,female,25,25,1,female-biased,bayes_factor_only,1,0.588235
notothenia_rossii,10,16,5117401,TGCAGGGATTAAGCCTTTTCATCTGATCCTTTAAATCCTTTGAGATCAGTTTGACCCTGAAATAGTTTTTCATGAATGGGACTTTTGCTCTTCC,False,False,True,0.0709,97.3904,male,4,17,0.235294,female,19,25,0.76,female-biased,bayes_factor_only,0.76,0.235294
notothenia_rossii,10,17,5974498,TGCAGGGTGGAGAATACGGCACAGACGAGGAAGAGGACGAGGATGAGGAGGTGAGCCCGCCGTATCCCAGCGCCATCGAGGTGTTCGACCTGGC,False,False,True,0.0709,97.3904,male,4,17,0.235294,female,19,25,0.76,female-biased,bayes_factor_only,0.76,0.235294
notothenia_rossii,10,18,9092466,TGCAGGGGGGCGTGGTCAGCTGCAGCTCACAGAATCGGCCTTTTCTTTAAAAATAATTTTAAAATGTCGATACAGTAGCCCCTTTTTTTAATTG,False,False,True,0.0709,97.3904,male,4,17,0.235294,female,19,25,0.76,female-biased,bayes_factor_only,0.76,0.235294
notothenia_rossii,10,19,6357785,TGCAGGTTCATTGGCGACTTTTTCGTTCAGAAACCTCCAACATCCTTTCAGGAGGCAGTAGAGGTGTACCAAAGTCTGCCAAAGCTGCTGGGAG,False,False,True,0.0709,71.1699,male,5,17,0.294118,female,20,25,0.8,female-biased,bayes_factor_only,0.8,0.294118
notothenia_rossii,10,20,10338277,TGCAGGTCACCCTTGGAAAAGAGATCTTTTGATCTCAAGGGGCCTGGTTAAATAAAGGCTACAAACACTACCTATATCTGTCCACAGATGGCAG,False,False,True,0.0709,71.1699,male,5,17,0.294118,female,20,25,0.8,female-biased,bayes_factor_only,0.8,0.294118
notothenia_rossii,10,21,1194447,TGCAGGAAGGACTCCACTCTGCTCCTCATGCTGCAGATCCACAGCTGCTCCTCCTCAGCCTGGAGCTCCAGCTGCTGCCCGGCGGCTTCCTGCT,False,False,True,0.0709,67.4104,male,8,17,0.470588,female,1,25,0.04,male-biased,bayes_factor_only,0.04,0.470588
notothenia_rossii,10,22,6780473,TGCAGGGAAACATCTAGTAACGGTGAAAGGTTGGAACCATGTCAGCAGTTCTGAAGAGTCTTCAAGCATTCTGGTCACTGAGCATATTCAAGGT,False,False,True,0.0709,67.4104,male,8,17,0.470588,female,1,25,0.04,male-biased,bayes_factor_only,0.04,0.470588
notothenia_rossii,10,23,7255308,TGCAGGAAATGAAATGAATTATAGTGAGAGAGACAGAAGCAGCATCTGCCTAATTGATGCAGCGGCACACCTGCTTTTTATTAGCTGCCGATCC,False,False,True,0.0709,67.4104,male,8,17,0.470588,female,1,25,0.04,male-biased,bayes_factor_only,0.04,0.470588
notothenia_rossii,10,24,8325906,TGCAGGGAAGGAAAACAACTCATAACTGACACACCCTTAAAGGAGTTCTGAAAGTCCGGTTTTTTGAAGCCATTTAACAACTTAAAGGGGACAT,False,False,True,0.0709,67.4104,male,8,17,0.470588,female,1,25,0.04,male-biased,bayes_factor_only,0.04,0.470588
notothenia_rossii,10,25,1088456,TGCAGGATTCAGGAGTGAAGCTGCTGTCTGCTGGACTGGAGAGTCCTCACTGTGCTCTGGAGACTCTCAGGTCAGATTTCTTATTTTATCTTAA,False,False,True,0.0709,67.4104,male,9,17,0.529412,female,24,25,0.96,female-biased,bayes_factor_only,0.96,0.529412
notothenia_rossii,10,26,5142225,TGCAGGGGGACGAGCACATCTAATCAAATCTAATCAATTCAAATCAAACTTTATTTGTATCGCCCAAGATCACAAAACCAAGTGTGTCTCAGTG,False,False,True,0.0709,67.4104,male,9,17,0.529412,female,24,25,0.96,female-biased,bayes_factor_only,0.96,0.529412
notothenia_rossii,10,27,7481530,TGCAGGCCTTGAGATTTGGGTCACCCAGCAGTAAATGAGATAAAGGTCCTTTTGAGCTTATCAATAAAATGTATTCATTCCTAGTAAGCTGACT,False,False,True,0.0709,67.4104,male,9,17,0.529412,female,24,25,0.96,female-biased,bayes_factor_only,0.96,0.529412
notothenia_rossii,10,28,10945677,TGCAGGAACAGAGAATGGTGATGGATGGAGCTGGGGAGAGAGAAGAATAAAGAAAACAGGTCAACTTTATTATCGGATATTAAAAATTCAATTT,False,False,True,0.0709,67.4104,male,9,17,0.529412,female,24,25,0.96,female-biased,bayes_factor_only,0.96,0.529412
notothenia_rossii,10,29,3138266,TGCAGGTAAATAAGTCTCTGAACATTTAACCACATCTGTACTCTAACAGAAACATCTGTTGTGTCTCTGCAGGATCTCCCTGATGTTCAGGAGC,False,False,True,0.0709,57.9092,male,11,17,0.647059,female,4,25,0.16,male-biased,bayes_factor_only,0.16,0.647059
notothenia_rossii,10,30,7830313,TGCAGGAGGCTTGTGTCCATTCAAACCGTTCTGGGGAGAGAGAGAGAGAGAGAGGAGGGAGGGAGGAACAGAATGTGAATAGAGCTCCCTCAGA,False,False,True,0.0709,57.9092,male,11,17,0.647059,female,4,25,0.16,male-biased,bayes_factor_only,0.16,0.647059
plecoglossus_altivelis,10,1,1650553,TGCAGGGGAATCAGCTTCATTATTTTCATCTACAAAGAAATTTGATAGAATCAATCAAACTATGACTCATTTTCCATTGCATACATACCATAAT,True,True,True,1,1.77958e+17,male,35,35,1,female,0,30,0,male-biased,strict+posterior,0,1
plecoglossus_altivelis,10,2,3321510,TGCAGGTTAGTTCATGGTATGGCAACTCTATCGAAAGATTGTAAGAATTGAATGACGTCAAGTCCTTAAGCCATTTGAGAATCATTTTATTTCA,True,True,True,1,1.77958e+17,male,35,35,1,female,0,30,0,male-biased,strict+posterior,0,1
plecoglossus_altivelis,10,3,5777763,TGCAGGTTGCTGGTCGATTCTCGCACCAGCAGGAATTGATTGTGAACAAACAGCACTCGATACCATGACTGAGGTGCCCTTGAGCAAGGTACCG,True,True,True,1,1.77958e+17,male,35,35,1,female,0,30,0,male-biased,strict+posterior,0,1
plecoglossus_altivelis,10,4,1367787,TGCAGGCTGGGGCACAGACTCACAGGATTCAACCTAGGTACGGTCCACCTCCACTCCTCTAAAGGCTTCCTGTTCCTCAGTCTAGGATTGTAAG,True,True,True,1,5.74058e+15,male,34,35,0.971429,female,0,30,0,male-biased,strict+posterior,0,0.971429
plecoglossus_altivelis,10,5,4412395,TGCAGGGAAAATGCTTACTATGTCTTGTTTGAACATTTTTTTAAAGACACAGTATAATGTGTGTTTAAGGTTTAAACAAGCAATGATTAAAGAA,True,True,True,1,5.74058e+15,male,34,35,0.971429,female,0,30,0,male-biased,strict+posterior,0,0.971429
plecoglossus_altivelis,10,6,6608394,TGCAGGGGTGGTGAGGCCAGCTGGACCCAGGAGGGCTGCAGTGTGTTGGGGCTAGAGAGCGCGGGGGAATGCCTGGGTGGTGGAGGTGGGGACG,True,True,True,1,5.74058e+15,male,34,35,0.971429,female,0,30,0,male-biased,strict+posterior,0,0.971429
plecoglossus_altivelis,10,7,1061767,TGCAGGTTAGCACCGCAGCCTGCAGCCTCTCTACCACCTGGAACAAAACTACTGTATGTGCCCTCAGTCCCTCCAGACCTATCCCACCTGACCT,True,True,True,1,4.94327e+15,male,35,35,1,female,1,30,0.0333333,male-biased,strict+posterior,0.0333333,1
plecoglossus_altivelis,10,8,1091384,TGCAGGAGGTGAGATATAAATTGTCTTAGGTTGACAACAAAAATAAAAGTAATCTCACTTTATGGGTAGTGTCTCCTGTTGTGATGCCCTTAAT,True,True,True,1,4.94327e+15,male,35,35,1,female,1,30,0.0333333,male-biased,strict+posterior,0.0333333,1
plecoglossus_altivelis,10,9,2837214,TGCAGGGGGGGTCAACCACGTTCAGCTGGGAAAGCTTGTCCTGAAGCAGAGCCAGGATGATGGTATTGAAGGCAGAGCTGAAGTCCACAAACAG,True,True,True,1,4.94327e+15,male,35,35,1,female,1,30,0.0333333,male-biased,strict+posterior,0.0333333,1
plecoglossus_altivelis,10,10,3286599,TGCAGGTTATCTGATGACTGGCAAGGCATAGCTGTTGATTGCCCAAACCTGGTTTCTGCCATTGAGCTGACTCCTTAGGATTTGCCTTACTCAT,True,True,True,1,4.94327e+15,male,35,35,1,female,1,30,0.0333333,male-biased,strict+posterior,0.0333333,1
plecoglossus_altivelis,10,11,3556818,TGCAGGTGGATCACAAACTTCCTGTCTGACCGGAAGCAGCGCATCAAGATGGGAACGCAAGTCTCTGACTCTTGGTCAATCAGCACCAGAGCTC,True,True,True,1,4.94327e+15,male,35,35,1,female,1,30,0.0333333,male-biased,strict+posterior,0.0333333,1
plecoglossus_altivelis,10,12,3746589,TGCAGGAGCCTGAACATTTGGTGTAGAAAAAATGGCAGTCTTTTAAGTGTGACCTCACAGTATTCTTCTTCAATGTAAACTGTGAGTGGGACTT,True,True,True,1,4.94327e+15,male,35,35,1,female,1,30,0.0333333,male-biased,strict+posterior,0.0333333,1
plecoglossus_altivelis,10,13,4923027,TGCAGGAAGGTGATCCCACGTCGCCTTTTCGGGCTATACCCGGCCGGGTCCCATGGGCAAAGACCCGGCCACCAGGCGCTCGCCTGCGAGCACT,True,True,True,1,4.94327e+15,male,35,35,1,female,1,30,0.0333333,male-biased,strict+posterior,0.0333333,1
plecoglossus_altivelis,10,14,5734306,TGCAGGCCCACCACCCACAGGAAGGACCGTAGGGGGGCCGGTGCAGTGTGTTTTGGGCGGCGGCCAGGGACAGGTGCCTGGACGACCGACGCCA,True,True,True,1,4.94327e+15,male,35,35,1,female,1,30,0.0333333,male-biased,strict+posterior,0.0333333,1
plecoglossus_altivelis,10,15,6074199,TGCAGGTGTGGTCAGGCACATTCAGCTGGGAGAGCTTGTCCTGTAGCAGAGCAGGGATGATGGGATTGAAGGCAGAGCTGAAGTCTACAAACAG,True,True,True,1,4.94327e+15,male,35,35,1,female,1,30,0.0333333,male-biased,strict+posterior,0.0333333,1
plecoglossus_altivelis,10,16,2410223,TGCAGGACGGTGATCCCACGTCGCCTTTTCGAGCTATACCCGGCCGGGTCCCATGGGCAAAGACCCGGCCACCAGGCGCTCGCCTGCGAGCACC,True,True,True,1,3.58786e+14,male,33,35,0.942857,female,0,30,0,male-biased,strict+posterior,0,0.942857
plecoglossus_altivelis,10,17,295291,TGCAGGCTTTGGGCCTTGAACGTATTCCAATATTGTGACAATAATAATCCTCCTTACAAAGAAATGTACCTCCAGCGCTTCAGTAGCATCACCG,True,True,True,1,2.67204e+14,male,35,35,1,female,2,30,0.0666667,male-biased,strict+posterior,0.0666667,1
plecoglossus_altivelis,10,18,1570550,TGCAGGATATGTCTTTCCCTCAGCTCTTTGTATTGCATGTTTCTCTGCCATCACCCTTTTAAAATCCCACATATAGATAACATGCAGAGCTTTG,True,True,True,1,2.67204e+14,male,35,35,1,female,2,30,0.0666667,male-biased,strict+posterior,0.0666667,1
plecoglossus_altivelis,10,19,1897032,TGCAGGTTTTCTGTGTTTTGGTGAATAAACCATAACAAAAAAATGCATTTTGGATATGGACATTCCTTATTTTATCAACCTGCGTAAGAACTAG,True,True,True,1,2.67204e+14,male,35,35,1,female,2,30,0.0666667,male-biased,strict+posterior,0.0666667,1
plecoglossus_altivelis,10,20,2142352,TGCAGGTGGCAGTTTAGAATGGGCTTCAGTCATCTTCTGTTGACTCTAAACTCTAGATTTCTCCTCAGCACTTGAACACACTGCCAGTCTGTTG,True,True,True,1,2.67204e+14,male,35,35,1,female,2,30,0.0666667,male-biased,strict+posterior,0.0666667,1
plecoglossus_altivelis,10,21,2579080,TGCAGGAAGGTGGTCTCACATTGCCTTTTTGGGCTATACCTGGCCGGGTCCCATGGGCAAAAACCTGGCCACCAGGCGCTTGCCTGCAAGCACC,True,True,True,1,2.67204e+14,male,35,35,1,female,2,30,0.0666667,male-biased,strict+posterior,0.0666667,1
plecoglossus_altivelis,10,22,2638536,TGCAGGTTACAAGCCCGACTCCCTAACCACCAGGCCATGACTTCCCCTCGTATGTGTGGCACATGATATCGATCCTAGCTTGTTGCTTGGCTAA,True,True,True,1,2.67204e+14,male,35,35,1,female,2,30,0.0666667,male-biased,strict+posterior,0.0666667,1
plecoglossus_altivelis,10,23,2955253,TGCAGGAGTGGTGATCGGTTACTACAGCCTAATAGTTGAATCAAAACCAATTAATTGGACAATCCGGTGTAAAAATGGTCCTAACCTTGTTGTT,True,True,True,1,2.67204e+14,male,35,35,1,female,2,30,0.0666667,male-biased,strict+posterior,0.0666667,1
plecoglossus_altivelis,10,24,3829725,TGCAGGTCCACCACCCACAGTAAGGACCGTAGGGGGCCGTTGCAGTGTGTTGTGGGTGGTGGTCAGGGTAGGTGCCTGGATAACCGAGGCCATG,True,True,True,1,2.67204e+14,male,35,35,1,female,2,30,0.0666667,male-biased,strict+posterior,0.0666667,1
plecoglossus_altivelis,10,25,4207675,TGCAGGTGGCTCACAGACTTCCTGTCTGACAGGAAGCAATGCGTCAAGATGGGAACGCAAGTCTCTGACTCCAGGTCGATCAGCACCGGAGCTC,True,True,True,1,2.67204e+14,male,35,35,1,female,2,30,0.0666667,male-biased,strict+posterior,0.0666667,1
plecoglossus_altivelis,10,26,4857168,TGCAGGGGAAATGAGAAGAACTTTAATTCTACTCATTGCTCTTTGTATTTTGAGTTGTAAATGAGCAGCAACAAATTTCTTATTATTATTTAAT,True,True,True,1,2.67204e+14,male,35,35,1,female,2,30,0.0666667,male-biased,strict+posterior,0.0666667,1
plecoglossus_altivelis,10,27,5756345,TGCAGGTGTTCCTATGGAGAAGATGTATCAAACACTTTGAACAAGCAATTTTGAAACAATTGTTTCAAACAGCTTTTTTTTATTGCTTCAGGAA,True,True,True,1,2.67204e+14,male,35,35,1,female,2,30,0.0666667,male-biased,strict+posterior,0.0666667,1
plecoglossus_altivelis,10,28,5982129,TGCAGGACTCTGGTAATGCTCATGGGCACGGGCAAGCTCCTAACCGTAAATAATCCACTGCATGGTAAGTGTCTCCCCCCTTTGCATGTGATCA,True,True,True,1,2.67204e+14,male,35,35,1,female,2,30,0.0666667,male-biased,strict+posterior,0.0666667,1
plecoglossus_altivelis,10,29,7250183,TGCAGGTGGGGTCAGATACGTTCAGCTGGGAGGGCTTGTCCTGAAACAGAGCCTGGATGATGGTATTGAAGGCAGAGCTAAAGTCCATAAACAG,True,True,True,1,2.67204e+14,male,35,35,1,female,2,30,0.0666667,male-biased,strict+posterior,0.0666667,1
plecoglossus_altivelis,10,30,241025,TGCAGGAAATTGGGAGTTTCCCTGGCTACAAACTGATATACAAGTATATCAAAAAGTGTGCTCTTTCCTATAAATGGCATAAGCAGAACATTAG,True,True,True,1,1.69484e+14,male,34,35,0.971429,female,1,30,0.0333333,male-biased,strict+posterior,0.0333333,0.971429
tinca_tinca,10,1,287464,TGCAGGTCCCCTACCCTCTTGATGGAGGCCAATGCAACTGCTCAACTGACTGCAAAGGCTTGAAGGGAGCTGTCGGCAGGGCAGATAAGACCAC,True,True,True,1,1.43695e+10,male,28,28,1,female,0,15,0,male-biased,strict+posterior,0,1
tinca_tinca,10,2,1086951,TGCAGGGGGTGCGGGAGAAGGCGGGTGTACCGGGTCCTGCGACCGCACCTGCCCCACTGGCGCTAGAGGGGACTGAGAGCGGCAAGGCATTAGA,True,True,True,1,1.43695e+10,male,28,28,1,female,0,15,0,male-biased,strict+posterior,0,1
tinca_tinca,10,3,3429043,TGCAGGCCCCTCACTCCTCTGCACTGCAGCCAGTGGAGCTCCTGGTGGAACGCGCTGGCCCCTCCCACGAGGACCGGCCAGTGGTTTCATTTGG,True,True,True,1,1.43695e+10,male,28,28,1,female,0,15,0,male-biased,strict+posterior,0,1
tinca_tinca,10,4,4139094,TGCAGGACTATGGCATATTCACACAGGTGATCAGAGACTCTGGTCATCTTTCTCCTGCTGTTTATCTGAGTCAGTAGAAAGGTCTCTGTGACAA,True,True,True,1,1.43695e+10,male,28,28,1,female,0,15,0,male-biased,strict+posterior,0,1
tinca_tinca,10,5,6012021,TGCAGGGATTGGCTACCGGGCGGGGAAGCCCTCACTGTGATCCTCAGATCACCCCTTCCTTGCAGCGCGGTAACGCCCCCAGAGGGAGCGTTAC,True,True,True,1,1.43695e+10,male,28,28,1,female,0,15,0,male-biased,strict+posterior,0,1
tinca_tinca,10,6,3077988,TGCAGGCATTTTCGGTTGATGAATCGTGCCTGGAATTCAGGCCGGCTAATTCTCACGTGATCCTGAGACCCCGGCCTGGATTTGTGCCCAAGGT,True,True,True,1,8.98092e+08,male,27,28,0.964286,female,0,15,0,male-biased,strict+posterior,0,0.964286
tinca_tinca,10,7,1144390,TGCAGGCCAGGGTACTTTCTATATAGACGTGCTAAGCCTTACCACATTCCCCTTTTTCGTTCCCCGTATAAAGCTCACTAATGTTGGCTGGTTG,False,True,True,0.9901,1297.39,male,1,28,0.0357143,female,9,15,0.6,female-biased,posterior_only,0.6,0.0357143
tinca_tinca,10,8,2261148,TGCAGGCATTTTCGGTTGATGAAGCGTACCTGGAATTTGGGCCAGCTATCTCTCCCACTCCCTTTCGAGATCAGGTGGTGAACCTGCAAGCGCT,False,True,True,0.9175,29306.7,male,20,28,0.714286,female,0,15,0,male-biased,posterior_only,0,0.714286
tinca_tinca,10,9,3022589,TGCAGGAACTCCAGTACTGTACTGACCGGGCAGTTAACTGGGTCCAACTGACGATCACTGCACCATGAAGTGAAAACTCTCCACTTCAAGGCAT,False,True,True,0.9175,474.862,male,0,28,0,female,7,15,0.466667,female-biased,posterior_only,0.466667,0
tinca_tinca,10,10,1356633,TGCAGGTTTCCCAAATCTGGGAGAAAGCCTCAGGATCCATAAGCAGCAAAGGGAGCAGCAGAGACAGCGGAATACCACAAAGGGAGCTTCTGTG,False,True,True,0.9175,352.567,male,3,28,0.107143,female,10,15,0.666667,female-biased,posterior_only,0.666667,0.107143
tinca_tinca,10,11,5727303,TGCAGGGCTTAGATGGATGAGAATCCTTGGATTTCCATCCAATAGCCGAGGGTGGGCAGAGGTGCGCAGCCACGGCTTCCTCCAGGGGGGGGCA,False,True,True,0.9175,352.567,male,3,28,0.107143,female,10,15,0.666667,female-biased,posterior_only,0.666667,0.107143
tinca_tinca,10,12,275487,TGCAGGGGCTCATGGGAAATGAGGTCCTGATGCAGAGATGATTTAGTGTTCTCTGAGATGTGAGTGGCAAGAGTGAAGTTGCGTTTCTTTTATT,False,False,True,0.5527,120.88,male,4,28,0.142857,female,10,15,0.666667,female-biased,bayes_factor_only,0.666667,0.142857
tinca_tinca,10,13,1679578,TGCAGGTGTCACTGTTGGACAGTGTTACTTTATTAAAACGAGTGACTTTTTAATGTCACATTTTGTAATATTGATTATTTTCTCCTCCAGAATT,False,False,True,0.5527,120.88,male,4,28,0.142857,female,10,15,0.666667,female-biased,bayes_factor_only,0.666667,0.142857
tinca_tinca,10,14,3684454,TGCAGGGATTCAATTTTCAATGAATCATAATAATCGCTGTCAATGCATCTTAAGCGCCGTTCGCTGAGAAAGACCAGATGGGTGTCAGAAATCC,False,False,True,0.5527,120.88,male,4,28,0.142857,female,10,15,0.666667,female-biased,bayes_factor_only,0.666667,0.142857
tinca_tinca,10,15,3980122,TGCAGGGTCGAGAGAGCGCCATTATAGCACTTCGGGCAGGAGCCCAAAGAGTGCAGTTTCAGCGTGCACTGAACACATAGAATGTGACGATTCC,False,False,True,0.5527,120.88,male,4,28,0.142857,female,10,15,0.666667,female-biased,bayes_factor_only,0.666667,0.142857
tinca_tinca,10,16,5329452,TGCAGGCTCGATTCGCCAGTTCAAGGAAGACCCTGCACCTTCCACTCTCACTCTTTTATGCCGCAACATAAGCGCTGCAGACGGAGGATGTAGA,False,False,True,0.5527,120.88,male,4,28,0.142857,female,10,15,0.666667,female-biased,bayes_factor_only,0.666667,0.142857
tinca_tinca,10,17,5555186,TGCAGGAAGGGCGGAGAGTGTAAGGAGCTACTGCTCCTCTGAGACTCTGATAAACATGATGGTGTGATTCAGGGCGGGTCTTTCATCATGATGA,False,False,True,0.5527,120.88,male,4,28,0.142857,female,10,15,0.666667,female-biased,bayes_factor_only,0.666667,0.142857
tinca_tinca,10,18,5689424,TGCAGGACAGTAGATGTGATTTTGCGGGACACGTGTGAGACAGATACATTTACTACCATTATGCAATATAAATATTGATTTACATTCGTTGACA,False,False,True,0.5527,120.88,male,4,28,0.142857,female,10,15,0.666667,female-biased,bayes_factor_only,0.666667,0.142857
tinca_tinca,10,19,752470,TGCAGGGGGCGGATAGTGGCTCACAAATGCTAAACGCATCAAAACTTATTTTTTTTTAGTCTATATGATCAAAACCGAGAACGGTGTCATATTT,False,False,True,0.5527,115.507,male,0,28,0,female,6,15,0.4,female-biased,bayes_factor_only,0.4,0
tinca_tinca,10,20,1764835,TGCAGGCCGGTGGAGATCGGTCTGACCTCACTACGGACCGCCCCCGGGCCCTTCGAGTCAGGTCCCGGTTCTCCACCCCCTGGTGTCGCCAGCT,False,False,True,0.5527,115.507,male,0,28,0,female,6,15,0.4,female-biased,bayes_factor_only,0.4,0
tinca_tinca,10,21,4352946,TGCAGGAATAGCACCCCCTAAACTGACTGGCATCTGTGAACCTAGAGCCATAAATACTGGCCTTTAGCCTGGAAATGAGGAAAAATTCAATTAA,False,False,True,0.5527,115.507,male,0,28,0,female,6,15,0.4,female-biased,bayes_factor_only,0.4,0
tinca_tinca,10,22,52132,TGCAGGTTTATTTGATTTGTGATTATGTGTGGGAACAATGATCAGGTTTCATGATGAACTTTGGCACGAGACTTCGGTCTTCATTGACCTCTGC,False,False,True,0.5527,88.7104,male,3,28,0.107143,female,9,15,0.6,female-biased,bayes_factor_only,0.6,0.107143
tinca_tinca,10,23,500516,TGCAGGAGCCGAACACTCCCGATTCTCTGCATGGGGGTCACGGGCATGTACTCAGCCTGAGGCTGCCCAGCATTTCCACCACCCAAATCCCACC,False,False,True,0.5527,88.7104,male,3,28,0.107143,female,9,15,0.6,female-biased,bayes_factor_only,0.6,0.107143
tinca_tinca,10,24,601825,TGCAGGCTTTTTCCGTTGACGAAGCGTGCCTGGAATTTGGGCCGGCTAACTCTCACGTGATCCTGAGACCCCGGCCTGGATATGTGCCCAAGGT,False,False,True,0.5527,88.7104,male,3,28,0.107143,female,9,15,0.6,female-biased,bayes_factor_only,0.6,0.107143
tinca_tinca,10,25,632217,TGCAGGTCCCTGAACCACATGAACTTTGCCCTGCCCCCTTTTTGATTTTACACATGCTGTTCAGGAATGCATGTATACCCCCCCCAACACCCAT,False,False,True,0.5527,88.7104,male,3,28,0.107143,female,9,15,0.6,female-biased,bayes_factor_only,0.6,0.107143
tinca_tinca,10,26,1339851,TGCAGGTCACCAGAACGGTTGGAACCAGCCATGATACCTGTGACACACACAGACAGACATTATATCTGGAAGCTCTTGTGTTTGTGGGTCAGTT,False,False,True,0.5527,88.7104,male,3,28,0.107143,female,9,15,0.6,female-biased,bayes_factor_only,0.6,0.107143
tinca_tinca,10,27,1387637,TGCAGGTGAAATGTATGTTAACCTTACTGAAGTAGCACTGCATTTATTATTTATTATACTTAAAGTAAATTATAAAACGGAGGCAAGGCAACTG,False,False,True,0.5527,88.7104,male,3,28,0.107143,female,9,15,0.6,female-biased,bayes_factor_only,0.6,0.107143
tinca_tinca,10,28,1943068,TGCAGGGTGATGTTAGCCTGAGCCGCCTGCTGGGTACGAGCCATACTGCCTGAGTGACCGTCCCATGTGACCTGCGGAGAAAAGGATGGGGTGT,False,False,True,0.5527,88.7104,male,3,28,0.107143,female,9,15,0.6,female-biased,bayes_factor_only,0.6,0.107143
tinca_tinca,10,29,3346114,TGCAGGTGGTGAGCCCACGGGAGGGCGGGCTGAGCCCGGCCCCGTGGGGGGAGGCCCAGCCACCAGGCACTCGCATACAAGCCCCAACCCTGGG,False,False,True,0.5527,88.7104,male,3,28,0.107143,female,9,15,0.6,female-biased,bayes_factor_only,0.6,0.107143
tinca_tinca,10,30,3676878,TGCAGGAGCGCCATGGCATGCAGGGCAGAAGCGGCCTGTCCGCACGCACTATAGGCCTTTGCCGAGATACTCGACGAAGTCCTACAGGGTTTGG,False,False,True,0.5527,88.7104,male,3,28,0.107143,female,9,15,0.6,female-biased,bayes_factor_only,0.6,0.107143
